Simulation,NumberOfGenes,DEgenes,Upregulated,TopCounts/DE,Correct/TopCounts,Correct/DE
1,11572,1274,0.473229211,0.218954485,0.967741935,0.211891438
2,9937,2039,0.590538188,0.253979172,0.982625483,0.249566407
3,11461,3037,0.626681092,0.269929262,0.97804878,0.264003986
4,11897,1581,0.523300695,0.25045843,0.97979798,0.245398664
5,11667,712,0.572917539,0.206281859,0.986394558,0.203475303
6,9196,1790,0.490782004,0.272016198,0.987679671,0.268664869
7,8565,779,0.626975601,0.214164641,0.982035928,0.210317372
8,9176,2551,0.638236343,0.287651114,0.98773842,0.284124057
9,9026,2026,0.550753373,0.292555668,0.981450253,0.287128834
10,8119,2284,0.502098031,0.314753176,0.990264256,0.311688819
11,8604,2094,0.600738716,0.25975945,0.985294118,0.255939458
12,11610,2291,0.594467406,0.261453588,0.976627713,0.25534282
13,9578,2821,0.569371004,0.30654328,0.978034682,0.29980996
14,9712,1734,0.644604485,0.259402454,0.986666667,0.255943754
15,11889,1012,0.566285619,0.185642331,0.973404255,0.180705035
16,8407,1116,0.625476765,0.255217493,0.978947368,0.249844493
17,10819,2825,0.550900533,0.263991056,0.986595174,0.260452302
18,8390,1208,0.638193066,0.24585115,0.97979798,0.24088446
19,9014,1107,0.63506472,0.237437038,0.977186312,0.232020224
20,12302,1386,0.537798856,0.224322853,0.987138264,0.221437672
21,8120,2122,0.616166106,0.26569215,0.978723404,0.260039125
22,8205,648,0.512138663,0.222135349,0.972222222,0.215964923
23,11516,2315,0.516851842,0.262563744,0.993421053,0.260836351
24,8519,1246,0.562909964,0.271099753,0.973372781,0.263881121
25,9409,905,0.58461322,0.241807169,0.96803653,0.234078173
26,12419,2684,0.51371234,0.262981268,0.97592068,0.256648858
27,8080,1739,0.540749167,0.299489071,0.992322457,0.297189731
28,8796,570,0.62227417,0.197972901,0.955752212,0.189213038
29,8663,1639,0.450311555,0.272113393,0.988789238,0.269062794
30,9298,1529,0.489125155,0.247793618,0.98944591,0.245178382
31,9123,1661,0.466864358,0.258813303,0.986046512,0.255201954
32,10811,1154,0.4885284,0.210473147,0.991769547,0.208740857
33,11859,2083,0.579880179,0.262073689,0.983516484,0.257753793
34,8490,464,0.459371871,0.215271726,0.96,0.206660857
35,11867,2953,0.50152846,0.270570939,0.978723404,0.26481411
36,10218,1063,0.605741148,0.241641541,0.980544747,0.236940344
37,9697,1045,0.638405658,0.210462248,0.959090909,0.201852428
38,9845,1135,0.569310821,0.226298711,0.988326848,0.223657091
39,10683,2798,0.640663842,0.273393346,0.980392157,0.268032692
40,9078,1693,0.615209711,0.259289794,0.981776765,0.254564695
41,10098,1366,0.647743079,0.219459539,0.98,0.215070348
42,8606,1991,0.458736776,0.277224534,0.96557971,0.267682385
43,11790,954,0.471322372,0.258839803,0.963562753,0.249408393
44,10964,3139,0.595266825,0.283152024,0.983127109,0.278374431
45,9763,503,0.529786642,0.156887077,0.949367089,0.148943427
46,8068,2121,0.507896512,0.291736958,0.980613893,0.286081314
47,10612,2960,0.64229483,0.274981037,0.974201474,0.267886932
48,10901,2116,0.560079632,0.281122097,0.991596639,0.278759727
49,8038,1103,0.526851322,0.230224061,0.988188976,0.22750488
50,9614,1199,0.546146525,0.24007109,0.979166667,0.235069609
51,12446,3279,0.627037393,0.282345407,0.98488121,0.278076686
52,11013,906,0.61507532,0.2238942,0.975369458,0.218379565
53,10430,566,0.590154628,0.173066468,0.969387755,0.167768515
54,8344,584,0.616227685,0.210578606,0.951219512,0.200306478
55,12177,2487,0.591416162,0.252050159,0.972886762,0.245216263
56,9866,2340,0.545483741,0.269569556,0.980982567,0.264443035
57,8361,2047,0.528452727,0.282736012,0.982728843,0.277852834
58,12340,1039,0.542527608,0.21258386,0.972850679,0.206812353
59,12087,1314,0.60826745,0.23658173,0.974276527,0.230496026
60,12244,1551,0.509295676,0.224240358,0.982758621,0.220374144
61,8882,807,0.571641651,0.219187324,0.966101695,0.211757245
62,11015,2746,0.605442104,0.262909992,0.977839335,0.257083732
63,8172,1502,0.557523092,0.221667553,0.987987988,0.21900488
64,9086,478,0.480972407,0.207048488,0.929292929,0.192408696
65,8255,983,0.533144986,0.234928327,0.961038961,0.225775275
66,10045,2933,0.468009927,0.272061803,0.986215539,0.268311578
67,12457,2785,0.463586359,0.256004598,0.985974755,0.25241407
68,12005,1620,0.594478659,0.23696794,0.96875,0.229562692
69,11184,1351,0.541815804,0.229370315,0.987096774,0.226410698
70,11278,2326,0.458059321,0.276847134,0.97826087,0.270828718
71,8731,1160,0.62422839,0.21547015,0.992,0.213746389
72,8412,2506,0.624088179,0.268915045,0.979228487,0.263329272
73,9450,1388,0.518704787,0.259275394,0.966666667,0.250632881
74,9094,1995,0.573184481,0.265581148,0.977358491,0.25956799
75,9307,1623,0.575262448,0.254942638,0.983091787,0.250632014
76,8815,2221,0.618373107,0.262471481,0.981132075,0.257519189
77,11105,2590,0.499493052,0.267889461,0.974063401,0.26094132
78,11186,2940,0.637983498,0.280533135,0.986666667,0.276792694
79,10003,2533,0.609526382,0.263626951,0.986526946,0.260075091
80,11513,2453,0.459167634,0.278831483,0.980994152,0.273532054
81,8801,2309,0.452154124,0.308355762,0.981741573,0.302725671
82,8987,2278,0.484332532,0.283930693,0.98763524,0.280419958
83,11170,1505,0.634178166,0.204650442,0.974025974,0.199334846
84,9717,1282,0.451633244,0.237110866,0.976973684,0.231651077
85,9997,1084,0.642049594,0.24898689,0.977777778,0.243453848
86,10223,2643,0.602854355,0.282253355,0.983914209,0.277713087
87,12416,2840,0.516299857,0.271075374,0.987012987,0.267554915
88,10746,1331,0.53725251,0.253766093,0.982248521,0.249261369
89,11019,883,0.549859133,0.20825012,0.945652174,0.196932178
90,9355,2546,0.493196747,0.283566607,0.984764543,0.27924634
91,11778,3014,0.459813263,0.272012435,0.987804878,0.26869521
92,9996,2972,0.554329062,0.295017697,0.989737742,0.291990149
93,8172,551,0.558143178,0.210188223,0.965517241,0.202940353
94,10590,840,0.474987689,0.214081821,0.966666667,0.206945761
95,10299,1801,0.50633497,0.263668172,0.985263158,0.259782535
96,8140,2192,0.631303057,0.275059611,0.983416252,0.270498091
97,12345,1515,0.478348994,0.240165591,0.96978022,0.23290784
98,10956,2062,0.639139705,0.261793766,0.981481481,0.256945733
99,11383,1710,0.484565978,0.268412694,0.967320261,0.259641037
100,8683,2601,0.503007273,0.272137212,0.990112994,0.26944659
101,8740,2423,0.478931372,0.279784823,0.979351032,0.274007555
102,11688,922,0.470247989,0.201718054,0.962365591,0.194126514
103,8979,1498,0.520676674,0.256939011,0.976623377,0.250932644
104,10931,2263,0.478153341,0.267255498,0.976859504,0.261071074
105,10451,888,0.514848353,0.200254688,0.97752809,0.195754582
106,12391,2446,0.489609441,0.2611984,0.987480438,0.25792831
107,9309,2289,0.641154359,0.25772334,0.986440678,0.254228786
108,11558,3339,0.477204194,0.297642818,0.984909457,0.293151226
109,12123,3350,0.456759052,0.273127566,0.980327869,0.267754565
110,10632,576,0.461600964,0.221873455,0.984375,0.218406682
111,9246,616,0.467589448,0.199659649,0.943089431,0.188296905
112,10377,2346,0.609469293,0.254006526,0.981543624,0.249318486
113,10497,2173,0.51109935,0.274159621,0.984899329,0.270019627
114,10516,1010,0.611056319,0.218677807,0.977375566,0.213730346
115,9127,1665,0.532343123,0.279866929,0.980686695,0.274461774
116,9024,1402,0.641141947,0.239492967,0.991071429,0.237354637
117,12106,1964,0.552351597,0.257016811,0.984158416,0.252945258
118,11107,3313,0.596349212,0.295723354,0.987755102,0.292102252
119,12378,1549,0.557913479,0.229736747,0.963483146,0.221347483
120,9504,1389,0.634981537,0.258337378,0.983286908,0.254019762
121,9865,1295,0.46143228,0.230742999,0.986622074,0.227656137
122,11964,1448,0.469391389,0.213358969,0.980582524,0.209216077
123,9071,1803,0.488498244,0.225147817,0.987684729,0.222375061
124,10394,2574,0.474421585,0.294433904,0.986807388,0.290549552
125,10307,519,0.642790368,0.178965786,0.989247312,0.177041423
126,8429,934,0.58192944,0.251401687,0.974468085,0.244982921
127,9809,2694,0.483805208,0.305795828,0.984223301,0.300971379
128,12228,3184,0.640895678,0.267565828,0.978873239,0.261913029
129,12006,1945,0.615148255,0.24832297,0.971014493,0.241125203
130,11653,2200,0.568563946,0.269483498,0.981450253,0.264484647
131,11180,2469,0.566320335,0.258351164,0.985893417,0.254706712
132,11732,1360,0.539377949,0.232937225,0.965299685,0.22485423
133,10255,1751,0.644361985,0.247735277,0.974654378,0.241456273
134,8322,1952,0.646872948,0.289853402,0.989399293,0.286780751
135,11414,1692,0.616803626,0.251164867,0.969411765,0.243482177
136,10340,1019,0.564642366,0.205963427,0.966666667,0.199097979
137,10277,2997,0.616510066,0.270514311,0.982737361,0.26584452
138,11787,2389,0.642100238,0.257790823,0.983766234,0.253605907
139,12165,1165,0.619579307,0.205145223,0.958158996,0.196561741
140,8575,550,0.577067197,0.176158865,0.989690722,0.174342794
141,11455,3378,0.606587034,0.266101512,0.989988877,0.263437537
142,10215,2229,0.486577239,0.262814716,0.979522184,0.257432845
143,8314,866,0.576323149,0.235564079,0.965686275,0.227480998
144,10265,2095,0.514475849,0.259138895,0.981583794,0.254366539
145,10939,1861,0.451030668,0.231477071,0.976798144,0.226106374
146,8598,2471,0.545511341,0.30344195,0.993333333,0.301419004
147,8404,664,0.634972577,0.249895188,0.969879518,0.242368224
148,9941,1371,0.477271731,0.24064351,0.975757576,0.234809728
149,11096,3296,0.544703812,0.299387129,0.98378926,0.294533842
150,12227,1528,0.574658362,0.223085543,0.967741935,0.215889235
151,11165,1865,0.649870246,0.257285535,0.983333333,0.252997443
152,9078,594,0.548410689,0.210138943,0.96,0.201733386
153,8587,535,0.49174496,0.195921414,0.980952381,0.192189577
154,12093,2594,0.539232715,0.282111426,0.990437158,0.279413639
155,12396,3640,0.484205987,0.277444034,0.983168317,0.272774184
156,8923,2406,0.599712088,0.306303482,0.983717775,0.30131618
157,8121,595,0.575191234,0.213166865,0.960629921,0.204774469
158,12158,1893,0.593614687,0.252397138,0.970711297,0.245004753
159,12494,2270,0.641203617,0.252380792,0.980802792,0.247535785
160,8009,718,0.627061928,0.222653108,0.975,0.217086781
161,10279,1717,0.467249943,0.23345263,0.975062344,0.227630869
162,11395,1665,0.55849723,0.248506456,0.985507246,0.244904913
163,10956,1593,0.507385243,0.247317264,0.984771574,0.243551011
164,9707,1973,0.525211007,0.277170356,0.978062157,0.271089836
165,11118,1992,0.58303941,0.243455999,0.991752577,0.241448115
166,12019,1369,0.543082736,0.225634888,0.990291262,0.223444258
167,10271,711,0.567113881,0.203789765,0.965517241,0.196762532
168,10981,1762,0.531049681,0.25646435,0.975663717,0.250222961
169,11174,2842,0.507709126,0.268472452,0.981651376,0.263546352
170,9232,2664,0.528848508,0.297235103,0.988636364,0.293857431
171,9927,1340,0.503051016,0.232762584,0.993589744,0.231270516
172,11503,1392,0.517157375,0.234756666,0.960244648,0.225423832
173,11851,3230,0.507782733,0.2987457,0.989637306,0.29564989
174,9475,488,0.49814198,0.210946438,0.980582524,0.20685039
175,11454,2798,0.644425491,0.286533637,0.983790524,0.281889077
176,11331,2960,0.509234525,0.281067748,0.987980769,0.27768953
177,9670,782,0.641230612,0.222247267,0.965517241,0.214583568
178,9815,1361,0.622696299,0.234219302,0.981191223,0.229813923
179,8940,2314,0.649102707,0.276944775,0.990639626,0.274352468
180,10548,1921,0.451793133,0.260200287,0.98,0.254996281
181,12325,924,0.633901866,0.203457558,0.984042553,0.200210895
182,11210,3325,0.533114059,0.2817742,0.986125934,0.277864846
183,10426,1110,0.543561701,0.218864993,0.975308642,0.213460919
184,8564,2330,0.559501748,0.293074846,0.979502196,0.287067455
185,11727,1948,0.591245254,0.264807412,0.972868217,0.257622714
186,9028,521,0.54840868,0.17651331,0.945652174,0.166920195
187,10713,1613,0.508374987,0.247285272,0.974937343,0.241087646
188,10576,1516,0.500270064,0.250580685,0.976315789,0.244645879
189,9182,2727,0.630485249,0.274291149,0.990641711,0.271724253
190,8272,641,0.646894362,0.241534326,0.967741935,0.233742896
191,8879,2257,0.616603869,0.282142018,0.989010989,0.279041556
192,8549,2259,0.552095543,0.291209898,0.990881459,0.288554488
193,9863,666,0.51160465,0.210110222,0.978571429,0.20560786
194,10195,1998,0.523724532,0.293149387,0.979522184,0.287146328
195,9500,1476,0.464437196,0.266174229,0.977099237,0.260078636
196,8980,2385,0.614875987,0.278749967,0.983458647,0.274139065
197,9022,1465,0.489308628,0.26067494,0.976439791,0.254533384
198,11833,700,0.45334493,0.221245962,0.980645161,0.216963782
199,10665,1048,0.604389586,0.208918849,0.97716895,0.204149012
200,11252,2766,0.514496872,0.271462142,0.978695073,0.265678661
201,9066,1603,0.568701975,0.242590432,0.98714653,0.239472303
202,10821,2204,0.617470178,0.263106645,0.989655172,0.260384852
203,8468,1072,0.474472933,0.258272537,0.967509025,0.249881011
204,10755,2847,0.531008628,0.293955911,0.98088411,0.288336682
205,8112,741,0.620676116,0.221072141,0.969512195,0.214332136
206,9210,2302,0.640285618,0.293151819,0.986666667,0.289243128
207,9998,2645,0.595325031,0.276292533,0.987688098,0.272890847
208,11848,1458,0.493311511,0.231786495,0.982248521,0.227671941
209,9840,2313,0.475558572,0.286971568,0.989457831,0.283946266
210,9893,2380,0.488841947,0.268447253,0.982785603,0.263826095
211,9693,982,0.480839974,0.206606791,0.97044335,0.200500186
212,9963,1245,0.563048682,0.258608807,0.97826087,0.252986876
213,8882,1443,0.497218549,0.212677977,0.977198697,0.207828642
214,12091,2874,0.565245652,0.268201555,0.984435798,0.264027212
215,10771,738,0.469290566,0.233061505,0.994186047,0.231706497
216,8094,2403,0.601086361,0.297024956,0.983193277,0.29203294
217,11394,3133,0.530303304,0.278283846,0.986238532,0.274454252
218,12297,1294,0.642111855,0.215522249,0.982078853,0.211659843
219,11334,2568,0.552929418,0.264371895,0.986745214,0.260867702
220,8582,1884,0.464606034,0.276501791,0.982725528,0.271725368
221,8286,1664,0.532912229,0.293796656,0.979550102,0.287788545
222,11555,2131,0.469974476,0.270251128,0.977430556,0.264151711
223,10637,588,0.532508661,0.231066887,0.955882353,0.22087276
224,12275,3209,0.561181789,0.27729342,0.986516854,0.273554633
225,11388,1252,0.573520799,0.232419562,0.969072165,0.225231328
226,10760,1710,0.606376928,0.229773929,0.979643766,0.225096597
227,9847,913,0.511995164,0.217738103,0.979899497,0.213361458
228,11684,2182,0.547521023,0.256125901,0.974955277,0.249711299
229,11822,2766,0.53483617,0.273996201,0.984168865,0.26965853
230,11675,1516,0.467478546,0.232730244,0.97733711,0.227455904
231,10233,1398,0.498186712,0.257465567,0.966666667,0.248883382
232,10275,1565,0.492605464,0.238910125,0.973262032,0.232522154
233,11660,605,0.628755503,0.206446873,0.96,0.198188998
234,11812,1917,0.493030419,0.250338432,0.975,0.244079971
235,11843,1837,0.576436887,0.244840154,0.973333333,0.238311083
236,10618,2996,0.544719943,0.302366842,0.98785872,0.298695721
237,10762,2811,0.570012981,0.283491378,0.982434128,0.278511605
238,11689,1693,0.518936745,0.23091928,0.982097187,0.226785175
239,9167,1707,0.581187217,0.26177095,0.986577181,0.258257246
240,9121,1025,0.495750112,0.224287599,0.991304348,0.222337272
241,12122,1098,0.517840142,0.198421219,0.986238532,0.195690651
242,10616,1515,0.52441258,0.232929848,0.983002833,0.2289707
243,11376,2895,0.610678212,0.276657185,0.981273408,0.271476339
244,8092,1090,0.557928311,0.26227089,0.979020979,0.256768703
245,9952,1759,0.594907974,0.252410638,0.97972973,0.247294206
246,8772,2520,0.484789914,0.298748634,0.982735724,0.293590955
247,10821,1765,0.471364748,0.241255182,0.974178404,0.235025588
248,11640,1604,0.627931103,0.241147009,0.974160207,0.23491582
249,9362,2752,0.478962953,0.298654208,0.981751825,0.293204313
250,12063,3433,0.486385162,0.295642028,0.981280788,0.290107842
251,12319,1668,0.539640198,0.245732692,0.965853659,0.23734182
252,8550,1444,0.54918955,0.245699659,0.985915493,0.2422391
253,10405,2612,0.500408203,0.283973198,0.982479784,0.278997926
254,10456,3009,0.647457197,0.288083675,0.987312572,0.284428634
255,10072,523,0.583664176,0.215766257,0.96460177,0.208128513
256,11330,2717,0.518273808,0.276708668,0.98537234,0.272661068
257,10268,2732,0.574422255,0.29748691,0.982779828,0.292364134
258,8990,1930,0.546972325,0.266252435,0.992217899,0.264180432
259,9877,572,0.617358094,0.202498284,0.956896552,0.19376991
260,11551,2863,0.568512914,0.267546246,0.980417755,0.262307089
261,9075,889,0.537867669,0.240644612,0.990654206,0.238395597
262,8783,1108,0.552277529,0.247116626,0.97810219,0.241705313
263,8206,2324,0.470194575,0.286495121,0.98048048,0.280902874
264,8491,1103,0.485635907,0.25385179,0.982142857,0.249318722
265,10274,847,0.577669771,0.202885415,0.965116279,0.195808016
266,11910,2992,0.615549801,0.283034182,0.979929162,0.277353449
267,12156,3050,0.517516633,0.294707568,0.9810901,0.289134678
268,9761,1956,0.455050279,0.28266573,0.985533454,0.278576533
269,11542,3458,0.578452562,0.271519283,0.985090522,0.267471073
270,8776,1142,0.595492025,0.220502059,0.988095238,0.217877034
271,10180,2143,0.557087706,0.272905941,0.981196581,0.267774376
272,10558,2686,0.457243837,0.281005591,0.986754967,0.277283663
273,9760,822,0.52879326,0.221367497,0.972527473,0.215285972
274,10661,687,0.580800171,0.189017057,0.946153846,0.178839216
275,9247,1185,0.618673166,0.21086795,0.984,0.207494063
276,8690,594,0.466476407,0.22221881,0.96969697,0.215484907
277,8415,691,0.51028675,0.215448524,0.973154362,0.209664671
278,9754,2221,0.625076938,0.283145143,0.979332273,0.277293176
279,8513,1068,0.631723219,0.264846833,0.975265018,0.258295851
280,12443,1567,0.636088974,0.232809265,0.97260274,0.226430929
281,10939,1959,0.529237581,0.273995732,0.973929236,0.266852454
282,8565,1398,0.522647796,0.254500112,0.980337079,0.249495896
283,9667,1941,0.610869193,0.264193922,0.976608187,0.258013947
284,10420,579,0.474175045,0.191692367,0.963963964,0.184784534
285,8124,867,0.512542805,0.238484915,0.971014493,0.231572309
286,10273,3025,0.561903197,0.300727356,0.986813187,0.296761721
287,11007,887,0.610234318,0.201708604,0.972067039,0.196074285
288,8215,2417,0.518385296,0.299860808,0.982068966,0.294483994
289,10213,2896,0.592110112,0.278228031,0.988833747,0.275121266
290,9330,2782,0.538058479,0.290425258,0.986386139,0.286471449
291,9474,2833,0.637080702,0.292896492,0.98313253,0.28795607
292,9714,1958,0.534406725,0.259402839,0.986220472,0.25582839
293,9706,1383,0.591946977,0.246512904,0.991202346,0.244344168
294,9954,1203,0.541167521,0.258446584,0.987138264,0.255122512
295,12283,2970,0.610490652,0.275053026,0.976744186,0.268656444
296,11291,1428,0.64640533,0.212801675,0.967105263,0.20580162
297,10618,1569,0.527151428,0.258640067,0.980295567,0.253543711
298,10244,637,0.501334963,0.167716814,0.953271028,0.15987958
299,12490,3344,0.462759025,0.26129966,0.985125858,0.257413052
300,10584,1043,0.50648526,0.209862944,0.96347032,0.202196718
301,11541,3070,0.634240725,0.292742711,0.984427141,0.28818387
302,11560,2076,0.473484472,0.263912903,0.987226277,0.260541753
303,11274,1053,0.612936305,0.218412412,0.97826087,0.213664316
304,8747,1515,0.498846824,0.241523616,0.978142077,0.236244412
305,12120,1461,0.494362764,0.228475901,0.979041916,0.223687484
306,11979,1225,0.536392823,0.241480916,0.972972973,0.234954405
307,10459,1801,0.542193676,0.268049158,0.98757764,0.264719354
308,10942,2690,0.538369824,0.291820083,0.985987261,0.287730884
309,8937,535,0.46911595,0.194382094,0.990384615,0.192513035
310,10811,981,0.484216733,0.207769099,0.980392157,0.203695195
311,11361,2908,0.566927133,0.289459188,0.985748219,0.285333879
312,10552,2398,0.575530944,0.25934314,0.982315113,0.254756686
313,12280,2392,0.526275143,0.254571435,0.980295567,0.249555249
314,9761,2631,0.620277803,0.29750964,0.982120051,0.292190183
315,11061,2655,0.502405827,0.283907625,0.980106101,0.278259595
316,8042,1276,0.593061002,0.238199449,0.970394737,0.231147491
317,11234,2543,0.534230267,0.258716333,0.990881459,0.256357217
318,9911,2518,0.56427348,0.277597953,0.982832618,0.272832323
319,9845,1144,0.606364378,0.229858947,0.965779468,0.221993051
320,11840,3384,0.525162788,0.283376657,0.989572471,0.280421738
321,8006,1306,0.576678435,0.270103112,0.971671388,0.262451466
322,12273,3288,0.610910207,0.258498271,0.984705882,0.254544768
323,10807,2100,0.589850143,0.245647803,0.986434109,0.242315372
324,9094,476,0.506612921,0.159632761,0.960526316,0.153331467
325,9700,1621,0.504438714,0.246058283,0.977443609,0.240508097
326,8856,1012,0.613336334,0.227076291,0.97826087,0.22213985
327,8146,2176,0.541749626,0.299498972,0.98006135,0.293527367
328,11695,2616,0.517804466,0.280114243,0.984993179,0.275910619
329,10280,1101,0.550457464,0.20517299,0.982300885,0.20154161
330,8445,1777,0.453264772,0.267175792,0.981052632,0.262113514
331,10130,1965,0.592895212,0.243208459,0.987447699,0.240155633
332,11998,2027,0.541888534,0.246602943,0.984,0.242657296
333,10765,850,0.646778665,0.196444419,0.976047904,0.191739164
334,9056,809,0.565143664,0.242162821,0.964285714,0.233514149
335,12222,795,0.6032773,0.163468772,0.969230769,0.158438964
336,8073,634,0.566001168,0.187604869,0.966386555,0.181298823
337,12389,3377,0.614678952,0.264710209,0.986577181,0.261157052
338,12463,1066,0.471333989,0.234326497,0.96,0.224953437
339,11982,1318,0.451967635,0.225992895,0.973154362,0.219925972
340,8793,2393,0.481874032,0.278656594,0.986506747,0.27489661
341,10986,974,0.55946646,0.20411739,0.979899497,0.200014528
342,8852,1771,0.559032925,0.260219129,0.986984816,0.256832329
343,9981,753,0.569275839,0.217597455,0.951219512,0.206982945
344,9421,2715,0.496051347,0.285407571,0.985806452,0.281356625
345,10103,1426,0.572273318,0.218749127,0.977564103,0.213841295
346,11271,642,0.456957655,0.20559755,0.954545455,0.196252206
347,10979,1861,0.561411218,0.256275608,0.972746331,0.249291158
348,12186,2059,0.612213155,0.234954704,0.977272727,0.229614825
349,12253,2285,0.593278954,0.253764585,0.974137931,0.247201708
350,11055,1884,0.501416048,0.248382957,0.987179487,0.24519856
351,9183,566,0.566725702,0.18899497,0.981308411,0.185462354
352,9400,599,0.533001571,0.191872904,0.973913043,0.186867524
353,9937,1929,0.634301438,0.285559493,0.974591652,0.278303898
354,12405,2061,0.573750141,0.256658544,0.982986767,0.252291952
355,11869,2208,0.59357353,0.241362859,0.983114447,0.237287314
356,12359,1381,0.528027107,0.22287763,0.967532468,0.215641343
357,11621,1199,0.468327299,0.243344355,0.979452055,0.238344128
358,10249,1308,0.607157031,0.252184752,0.978787879,0.246835379
359,12448,2796,0.635832346,0.258851361,0.98480663,0.254918536
360,10672,1702,0.540992736,0.278449155,0.970464135,0.270224919
361,10328,1007,0.469561064,0.224294037,0.977876106,0.21933178
362,8463,963,0.483765164,0.2450144,0.983050847,0.240861613
363,9685,968,0.592652922,0.217832747,0.966824645,0.210606069
364,9909,2086,0.608263907,0.260199796,0.97053407,0.252532767
365,11029,2148,0.591431172,0.262953252,0.978761062,0.257368404
366,8309,1288,0.525427808,0.250684227,0.984520124,0.246803666
367,9354,2561,0.489683279,0.302955849,0.981958763,0.297490151
368,8341,938,0.477622088,0.215142734,0.97029703,0.208752356
369,10187,1599,0.454280016,0.244470488,0.974424552,0.238218046
370,12360,3694,0.57366316,0.302355975,0.980304387,0.296400889
371,9360,478,0.507443569,0.181683058,0.977011494,0.177506436
372,8526,2177,0.552397545,0.295307393,0.975116641,0.287959153
373,8041,1018,0.504784256,0.269969577,0.985454545,0.266042747
374,8419,1383,0.566815582,0.250823006,0.988472622,0.247931674
375,10294,2079,0.463235105,0.250590232,0.984644914,0.246742397
376,8262,2119,0.462549276,0.284066453,0.980066445,0.278403998
377,8085,1487,0.488282365,0.262103349,0.982051282,0.25739893
378,10423,601,0.500103599,0.197718637,0.932773109,0.184426627
379,9018,555,0.522465818,0.208949286,0.974137931,0.203545425
380,8054,661,0.635066039,0.207225341,0.97080292,0.201174966
381,12329,1171,0.620035896,0.222873919,0.965517241,0.215188612
382,10425,703,0.488906684,0.216047744,0.973684211,0.210362277
383,8671,2042,0.470454613,0.292343443,0.979899497,0.286467193
384,10308,2402,0.594618373,0.298908995,0.983286908,0.293913302
385,10627,2074,0.458900214,0.26708106,0.980144404,0.261778007
386,10296,3037,0.522943142,0.267686653,0.987699877,0.264394074
387,12283,2110,0.621581384,0.24917106,0.982889734,0.244907677
388,12131,3606,0.538989088,0.315831294,0.985074627,0.311117394
389,10023,2243,0.57588689,0.270077577,0.981848185,0.265175179
390,8548,822,0.47675939,0.204200962,0.964285714,0.19690807
391,8783,2443,0.497676513,0.283567167,0.988455988,0.280293664
392,11998,722,0.510268982,0.19939374,0.972222222,0.193855025
393,10111,1702,0.587736787,0.269058542,0.973799127,0.262008974
394,10988,1291,0.591853068,0.240007305,0.958064516,0.229942482
395,8803,890,0.568909439,0.225601033,0.990049751,0.223356246
396,8747,1708,0.546251331,0.268120967,0.986899563,0.264608465
397,12077,2875,0.472851304,0.276817331,0.983668342,0.272296445
398,11690,1966,0.643986976,0.244600152,0.981288981,0.240023434
399,12288,1086,0.582152458,0.212593913,0.974025974,0.207071993
400,10085,632,0.471308173,0.185109675,0.965811966,0.178781139
401,9290,2584,0.550629497,0.306005689,0.988621997,0.302523955
402,8253,1549,0.468894692,0.26659862,0.975786925,0.260143448
403,8660,1916,0.604923374,0.266605186,0.990215264,0.263996525
404,11909,699,0.51564043,0.191477801,0.947761194,0.181475229
405,9152,984,0.541304617,0.215360804,0.971698113,0.209265687
406,9285,2296,0.52904858,0.273510113,0.99044586,0.270896959
407,9837,662,0.474971736,0.197814726,0.977099237,0.193284618
408,8549,1073,0.545210721,0.25433542,0.967032967,0.245950736
409,8375,860,0.49375504,0.192817365,0.987951807,0.190494264
410,10971,2487,0.556695861,0.247243561,0.985365854,0.243625363
411,8085,512,0.532015849,0.210681762,0.944444444,0.19897722
412,10963,1608,0.572691196,0.264274384,0.983529412,0.25992163
413,10748,1421,0.614974662,0.258172747,0.975476839,0.251841536
414,8127,2138,0.479883191,0.294612913,0.984126984,0.289936518
415,11230,2774,0.528000879,0.289382167,0.97633873,0.282535018
416,8102,1831,0.517606464,0.278498544,0.988235294,0.275222091
417,11784,3062,0.456984506,0.273301694,0.983273596,0.268730339
418,9172,486,0.48851846,0.207652502,0.95049505,0.197372675
419,11658,707,0.479548243,0.192115907,0.948529412,0.182227588
420,8007,1198,0.630663116,0.293754619,0.960227273,0.282071197
421,9818,1879,0.467517562,0.267084582,0.978087649,0.261232131
422,9595,754,0.631007956,0.206831241,0.974358974,0.201527876
423,8218,1374,0.617138139,0.248150584,0.991202346,0.245967441
424,8688,1235,0.548250239,0.268710933,0.969879518,0.26061723
425,10896,742,0.487924005,0.17923592,0.977443609,0.175193005
426,11799,915,0.647295635,0.221720598,0.975369458,0.2162595
427,9694,2374,0.537777294,0.299892723,0.978932584,0.293574759
428,9901,2197,0.529234435,0.293484536,0.987596899,0.289844418
429,8197,1864,0.632407737,0.272929665,0.988212181,0.26971242
430,9687,1745,0.483554382,0.272198938,0.981052632,0.267041485
431,9017,2212,0.464018462,0.266655023,0.989830508,0.263943277
432,12316,1565,0.460302564,0.212645721,0.96996997,0.206259964
433,10447,1628,0.479559501,0.256654905,0.9784689,0.251128842
434,10419,2682,0.6130106,0.293383147,0.982210928,0.288164133
435,8858,1338,0.533209534,0.230796269,0.977346278,0.225567874
436,10440,1753,0.499074499,0.242896108,0.983568075,0.238904858
437,11033,1046,0.632612474,0.208323,0.986238532,0.20545617
438,10095,1486,0.562189054,0.228669383,0.973529412,0.22261637
439,9864,500,0.491435569,0.177982543,0.966292135,0.171983131
440,11708,1764,0.60740487,0.261337579,0.973969631,0.254534866
441,9348,2685,0.498101932,0.276298724,0.974393531,0.26922369
442,11825,1524,0.472265693,0.255861991,0.976923077,0.249957484
443,9265,774,0.606880827,0.246623883,0.963350785,0.237585311
444,12217,2913,0.497939689,0.288652186,0.985731272,0.284533487
445,10115,2629,0.458242804,0.271882895,0.993006993,0.269981616
446,9277,725,0.579778445,0.202711727,0.945578231,0.191679796
447,11424,2424,0.485480806,0.27507568,0.985007496,0.270951607
448,12479,2491,0.562146569,0.274499027,0.986842105,0.270887197
449,8230,1601,0.476131658,0.283458194,0.977973568,0.277214621
450,9613,1940,0.48656089,0.26224663,0.988212181,0.259155314
451,10982,1113,0.451149009,0.224618107,0.992,0.222821162
452,8311,457,0.511225125,0.163768752,1,0.163768752
453,11382,2150,0.496206754,0.268776717,0.984429066,0.264591612
454,11900,2916,0.621616256,0.282539547,0.981796117,0.27739623
455,10897,2009,0.539293146,0.243310598,0.981595092,0.238832489
456,11436,2385,0.537706578,0.2707648,0.984520124,0.266573394
457,11199,2145,0.562521708,0.290824574,0.982371795,0.285697859
458,11544,2388,0.582213167,0.262496054,0.98245614,0.25789086
459,9965,1763,0.637999622,0.264179549,0.969957082,0.256242824
460,8495,811,0.559325807,0.244009162,0.96969697,0.236614945
461,9842,2551,0.466931277,0.276687987,0.983002833,0.271985075
462,9377,2323,0.510731335,0.274980496,0.979655712,0.269386214
463,11338,1804,0.638646474,0.267057577,0.973029046,0.259854779
464,8475,1793,0.485867772,0.289978379,0.978846154,0.283844221
465,11130,2579,0.590367536,0.264796207,0.980966325,0.259756162
466,10082,2335,0.566373266,0.274021634,0.975,0.267171094
467,9894,1251,0.507010325,0.22927694,0.975609756,0.223684819
468,11322,1782,0.600047797,0.259208004,0.974025974,0.252475329
469,8732,1551,0.575032461,0.272610547,0.988179669,0.2693882
470,9014,603,0.486709191,0.19211533,0.99137931,0.190459163
471,11424,3292,0.522974061,0.300688232,0.984848485,0.29613235
472,8276,1613,0.629478991,0.257233126,0.968674699,0.249175221
473,8607,2400,0.592188435,0.280718518,0.985163205,0.276553555
474,12084,1301,0.500435316,0.219701222,0.951048951,0.208946616
475,9405,1464,0.536968733,0.238361564,0.979942693,0.233580673
476,9423,778,0.505274852,0.223618203,0.954022989,0.213336907
477,11292,1759,0.557027008,0.246713152,0.986175115,0.243302371
478,10081,1701,0.495101303,0.232730565,0.974747475,0.226853531
479,8243,625,0.623959065,0.21592556,0.977777778,0.211127214
480,10875,2948,0.535838587,0.272726195,0.982587065,0.267977231
481,12193,2728,0.483996328,0.285530581,0.975609756,0.27856642
482,11860,3130,0.507387523,0.264200344,0.987908102,0.26100566
483,9017,2514,0.500896479,0.299427068,0.990703851,0.29664355
484,10915,2788,0.518948432,0.294042473,0.984146341,0.289380824
485,11407,2798,0.599776544,0.274035387,0.983050847,0.26939072
486,10193,1425,0.602566852,0.25119023,0.977653631,0.245577041
487,9882,2657,0.567045626,0.297285854,0.979746835,0.291264874
488,10544,2112,0.469901153,0.27118521,0.97556719,0.264559394
489,10478,1129,0.566131912,0.19913361,0.968888889,0.192938343
490,10847,954,0.614299183,0.235743374,0.973333333,0.229456884
491,8912,2612,0.478212231,0.300848101,0.977099237,0.29395845
492,11358,719,0.645329575,0.183545217,0.984848485,0.180764229
493,10827,2467,0.486674029,0.258589124,0.992163009,0.256562563
494,11066,2041,0.495282509,0.264044829,0.968460111,0.255716885
495,11893,890,0.524664991,0.221105121,0.954314721,0.211003871
496,9772,1249,0.645300677,0.252104116,0.961904762,0.24250015
497,11055,1164,0.50971237,0.210425636,0.959183673,0.201836834
498,10731,2709,0.45481676,0.282289462,0.981699346,0.27712338
499,12068,2759,0.56893552,0.262740868,0.977931034,0.256942449
500,8008,1734,0.551105193,0.280774249,0.985626283,0.27673848
501,11098,2116,0.519723074,0.277787091,0.988095238,0.274480102
502,9147,2483,0.540306637,0.281038209,0.987106017,0.277414507
503,8043,882,0.51339813,0.225420504,0.979899497,0.220889439
504,11891,2767,0.460318123,0.271678056,0.972074468,0.264091302
505,11061,3004,0.536354337,0.293529081,0.982993197,0.28853709
506,8687,613,0.580649641,0.197176679,0.983471074,0.19391756
507,12176,2674,0.609849329,0.27446415,0.980926431,0.269229139
508,11254,765,0.568058962,0.199850866,0.960784314,0.192013577
509,11962,2165,0.475074183,0.265115124,0.986062718,0.26142014
510,10388,1950,0.486617034,0.247665868,0.989648033,0.245102039
511,9909,1016,0.498367603,0.211453253,0.96744186,0.204568729
512,9059,1376,0.453683835,0.238953819,0.96656535,0.230964482
513,11738,2924,0.612881229,0.287574308,0.983353151,0.282787102
514,10614,3005,0.539076811,0.286828127,0.984918794,0.282502413
515,8368,1386,0.502383409,0.24881823,0.979710145,0.243769744
516,11016,1693,0.509244927,0.234443028,0.977329975,0.229128199
517,9066,1726,0.579404616,0.276865911,0.964435146,0.267019216
518,10755,2462,0.458369554,0.288723738,0.983122363,0.283850763
519,11502,1260,0.515463349,0.220559213,0.982014388,0.216592321
520,8336,2381,0.576608377,0.290978966,0.981240981,0.285520486
521,8380,2033,0.625253762,0.284673482,0.981001727,0.279265178
522,10717,2593,0.53206256,0.277274895,0.984700974,0.273032859
523,8974,2030,0.509597419,0.260074186,0.982954545,0.255641103
524,8752,1802,0.584939044,0.280688185,0.976284585,0.274031548
525,9287,2314,0.546538874,0.275245102,0.985871272,0.271356239
526,12282,3216,0.569390975,0.290649667,0.980748663,0.285054273
527,8940,2231,0.525998431,0.275185585,0.983713355,0.270703735
528,8999,848,0.485097891,0.221455006,0.946808511,0.209675485
529,11838,753,0.551256991,0.230802043,0.948275862,0.218864006
530,11495,3146,0.648184908,0.292031054,0.985854189,0.287900038
531,10942,1147,0.616214572,0.24480087,0.975088968,0.238702628
532,8555,2242,0.559014486,0.288460677,0.981452859,0.283110556
533,8315,920,0.633308659,0.199858046,0.97826087,0.195513306
534,10840,2516,0.58979942,0.269465804,0.98820059,0.266286266
535,8888,849,0.485118246,0.230783405,0.984693878,0.227251006
536,9521,2381,0.55871298,0.278428766,0.978883861,0.272549426
537,11800,971,0.521882274,0.222433324,0.976851852,0.217284404
538,8469,1204,0.610693188,0.238276759,0.989547038,0.235786061
539,9079,2589,0.532905484,0.314353431,0.984029484,0.309333045
540,9300,2147,0.622805377,0.266318663,0.984265734,0.262128335
541,10956,2283,0.641271342,0.271117597,0.97092084,0.263233725
542,12358,1200,0.578213384,0.233207284,0.978571429,0.228209985
543,8209,2124,0.545537232,0.286147908,0.976973684,0.279558976
544,10328,2445,0.609819111,0.268666516,0.98782344,0.265395082
545,11908,1638,0.503303448,0.252713997,0.987922705,0.249661896
546,12113,1731,0.460290135,0.243650222,0.973933649,0.23729915
547,10036,766,0.517881002,0.219309191,0.970238095,0.212782131
548,8652,1823,0.615017232,0.265489231,0.975206612,0.258906853
549,11534,2291,0.647073454,0.267903542,0.986970684,0.264412942
550,8598,1574,0.61164126,0.284584759,0.988839286,0.28140859
551,9340,606,0.644509551,0.217496214,0.962121212,0.209257721
552,10910,1832,0.487395485,0.269546916,0.981781377,0.264636142
553,8111,1509,0.481368509,0.265572356,0.97755611,0.259611879
554,10890,1102,0.605222288,0.215021676,0.966244726,0.20776356
555,9341,1531,0.575202802,0.250658472,0.979166667,0.24543642
556,11373,3370,0.476487447,0.292508204,0.986815416,0.288651605
557,11260,2492,0.572201775,0.243506886,0.991762768,0.241501063
558,9748,2242,0.519733293,0.298754676,0.974626866,0.291174333
559,12466,2144,0.460212153,0.264456458,0.975308642,0.257926669
560,11938,3137,0.626448682,0.294507419,0.979437229,0.288451531
561,9726,2480,0.629289482,0.277763076,0.982583454,0.272925403
562,9754,1633,0.532398544,0.257685523,0.983372922,0.253400966
563,9800,2884,0.450494951,0.284987849,0.98296837,0.280134041
564,9276,797,0.57526555,0.185526119,0.966216216,0.179258345
565,9356,2238,0.535801505,0.31098509,0.971264368,0.302048737
566,11233,2947,0.611534862,0.276873055,0.981617647,0.271783477
567,11662,1405,0.453451982,0.197049026,0.971119134,0.191358079
568,10383,2582,0.581601327,0.293103624,0.98678996,0.289231714
569,8808,1519,0.465012776,0.228307998,0.979827089,0.223702361
570,12116,2120,0.590586686,0.250438876,0.988700565,0.247609059
571,8591,1604,0.48498013,0.242447722,0.979434447,0.237461651
572,8867,2343,0.546563782,0.297029825,0.982758621,0.291908621
573,11557,1783,0.586972738,0.252809508,0.968957871,0.244961763
574,9730,2476,0.5242888,0.288334792,0.987394958,0.28470032
575,11795,2423,0.460060303,0.269859474,0.978593272,0.264082665
576,9555,1653,0.53822119,0.255820819,0.985815603,0.252192155
577,9875,651,0.648768219,0.200976065,0.969465649,0.194839391
578,8553,576,0.587942648,0.189042808,0.935779817,0.176902444
579,8400,910,0.57088159,0.209715906,0.979057592,0.20532395
580,11754,1802,0.526723989,0.236930302,0.983606557,0.233046199
581,10487,1772,0.617664036,0.258464061,0.978165939,0.252820741
582,11803,2505,0.482400926,0.269020482,0.983679525,0.26462994
583,10370,1232,0.536729677,0.237683836,0.989761092,0.235250213
584,9697,825,0.638444276,0.185452732,0.986928105,0.183028513
585,8455,1674,0.567712533,0.249648062,0.9784689,0.244272865
586,9802,766,0.498206549,0.219070453,0.982142857,0.215158481
587,8025,1650,0.58648859,0.252632304,0.983213429,0.248391474
588,8050,452,0.491673788,0.165729135,0.986666667,0.163519414
589,11989,3476,0.467679282,0.278767961,0.978328173,0.272726551
590,11428,3240,0.610099608,0.287924819,0.986066452,0.283913004
591,10344,2305,0.620218515,0.242007592,0.982078853,0.237670538
592,9088,2686,0.628437875,0.31301833,0.989298454,0.30966855
593,9335,748,0.57751662,0.213651244,0.98125,0.209645284
594,10754,2095,0.584652443,0.264339069,0.985559567,0.260521898
595,10777,3097,0.49071297,0.298260072,0.987012987,0.294386565
596,10724,2038,0.530037937,0.268316149,0.978062157,0.262429871
597,10372,940,0.641569211,0.230678897,0.967741935,0.223237643
598,9171,813,0.598140406,0.257070465,0.961722488,0.247230447
599,10603,665,0.493813133,0.189366379,0.984126984,0.186360564
600,10967,2439,0.483132104,0.273799262,0.973053892,0.266421438
601,8385,1733,0.502554101,0.25028881,0.983870968,0.246251893
602,11288,1230,0.639479717,0.22274026,0.959854015,0.213798133
603,9536,2362,0.483330389,0.30047039,0.977464789,0.293699226
604,8861,2274,0.643018235,0.280562749,0.982758621,0.27572546
605,10118,1486,0.514401126,0.243563424,0.991712707,0.241544943
606,10569,1697,0.460604268,0.25445365,0.988425926,0.251508584
607,8781,2575,0.619212633,0.297443812,0.989556136,0.294337349
608,8474,1824,0.510609668,0.289939803,0.981096408,0.284458899
609,10293,584,0.561308401,0.195013497,0.973684211,0.189881563
610,8774,2480,0.556756017,0.288268473,0.983216783,0.283430401
611,9439,1849,0.567233764,0.257315712,0.983193277,0.252991078
612,9026,941,0.515318831,0.242042335,0.973684211,0.2356728
613,10598,2052,0.528119622,0.275759187,0.971731449,0.267963874
614,8492,434,0.518743653,0.239411534,0.961538462,0.230203399
615,11876,1273,0.609657924,0.23789477,0.98679868,0.234754245
616,11576,2852,0.474077732,0.283928176,0.983950617,0.279371304
617,9537,1864,0.563935976,0.259066375,0.97515528,0.252629943
618,9426,2281,0.547244735,0.257254697,0.988074957,0.254186924
619,9773,560,0.482199986,0.199799614,0.946428571,0.189096063
620,11262,1185,0.532899373,0.23107017,0.974452555,0.225166917
621,12347,2686,0.500324476,0.291133922,0.979539642,0.285177218
622,10385,903,0.5941103,0.235821422,0.985915493,0.232499994
623,10850,2005,0.509142073,0.267300827,0.97761194,0.26131648
624,11431,1235,0.603855289,0.233952662,0.961937716,0.22504789
625,10319,2377,0.504156256,0.268324139,0.979623824,0.26285672
626,12469,2243,0.635128666,0.259906433,0.97941681,0.254556729
627,12468,2041,0.603628337,0.248375782,0.970414201,0.241027386
628,10670,2301,0.551270235,0.27855002,0.978159126,0.272466245
629,8329,2395,0.540783412,0.305965199,0.980900409,0.300121389
630,11644,1282,0.481188853,0.212821243,0.981684982,0.208923418
631,10522,2573,0.486397433,0.262316098,0.980740741,0.257264084
632,11203,1080,0.601574451,0.22761312,0.987804878,0.22483735
633,10334,1109,0.55995747,0.230832969,0.96484375,0.222717747
634,9872,1041,0.553289081,0.229519338,0.991631799,0.227598674
635,8287,2261,0.522056158,0.270660766,0.982026144,0.265795948
636,10690,704,0.554078717,0.180336757,1,0.180336757
637,9118,1083,0.630219529,0.22973544,0.975903614,0.224199646
638,11201,1154,0.474617124,0.240794043,0.974820144,0.234730884
639,8805,820,0.60049218,0.24138736,0.96969697,0.234072592
640,10704,2057,0.459683285,0.27708176,0.980701754,0.271734568
641,11564,1728,0.603238748,0.243583121,0.976247031,0.237797299
642,10967,1145,0.553633614,0.241799724,0.971119134,0.234816338
643,11459,1206,0.554129447,0.215537942,0.973076923,0.209734997
644,11169,3108,0.634896853,0.258945181,0.983850932,0.254763457
645,8263,1655,0.497873739,0.295410019,0.985685072,0.291181245
646,10217,1960,0.571690933,0.264668454,0.984585742,0.260588786
647,10111,1161,0.484334727,0.247894968,0.96875,0.24014825
648,10314,2220,0.625627857,0.263847267,0.9778157,0.257994
649,8466,1093,0.598877199,0.257940436,0.971631206,0.250622976
650,11498,720,0.542593207,0.192859185,0.949640288,0.183146852
651,8965,2269,0.536147372,0.274948506,0.980769231,0.269661035
652,8079,1910,0.467603035,0.262228188,0.984031936,0.258040912
653,9948,1802,0.514273227,0.260140091,0.989339019,0.257366742
654,9218,2222,0.507160521,0.273572835,0.980263158,0.268173371
655,10663,1330,0.64958521,0.255530605,0.961764706,0.245760317
656,8893,603,0.606297949,0.208908423,0.984126984,0.205592416
657,11875,2852,0.547850235,0.283226731,0.978960396,0.277267753
658,8024,732,0.480139333,0.236221937,0.971098266,0.229394713
659,10273,1781,0.509904815,0.255417147,0.978021978,0.249803583
660,11464,1376,0.487688257,0.239685449,0.984848485,0.236053851
661,8333,1477,0.496006501,0.276791475,0.982885086,0.272054213
662,10271,1247,0.625379261,0.229255067,0.975524476,0.223643929
663,11098,923,0.59761817,0.230674322,0.976525822,0.225259432
664,10183,2249,0.50458022,0.269333557,0.97029703,0.26133355
665,12463,1474,0.47192363,0.217087218,0.984375,0.21369523
666,11676,954,0.625057838,0.208451667,0.964824121,0.201119196
667,11053,2108,0.532259595,0.267541237,0.978723404,0.26184887
668,8812,2317,0.501854213,0.306376207,0.988732394,0.302924081
669,11224,2151,0.618567403,0.272387844,0.981228669,0.267274762
670,12243,1103,0.554351316,0.236570525,0.961685824,0.227506521
671,11205,922,0.450796949,0.214552169,0.96969697,0.208050588
672,9442,1205,0.460786749,0.240494047,0.972413793,0.233859728
673,11243,753,0.491403167,0.200448172,0.953642384,0.191155872
674,8745,1406,0.50244952,0.250260809,0.982954545,0.245995
675,10632,2889,0.557934471,0.266833728,0.984435798,0.262680674
676,8139,1648,0.495829202,0.271759259,0.988839286,0.268726232
677,10857,2706,0.534970495,0.282292705,0.97513089,0.275272337
678,9516,1126,0.468210372,0.234357637,0.977272727,0.229031327
679,9977,1839,0.464947331,0.253917545,0.974304069,0.247392897
680,8361,2212,0.638412988,0.275727414,0.973770492,0.26849522
681,9172,1581,0.646500342,0.271342128,0.976689977,0.265017137
682,11835,3261,0.634811204,0.290938085,0.987355111,0.287259205
683,10234,2927,0.473306299,0.292064286,0.974269006,0.284549182
684,9436,1808,0.592668781,0.270925956,0.959183673,0.259867754
685,11126,987,0.45400501,0.197495339,0.98974359,0.195469746
686,10965,3181,0.470571031,0.297360826,0.980972516,0.291702798
687,8874,664,0.476064601,0.20776244,0.963768116,0.200234815
688,11409,1095,0.482121829,0.245464585,0.962825279,0.236339507
689,12026,827,0.497234708,0.188492052,0.974358974,0.183658922
690,9981,2087,0.473516222,0.270604257,0.978761062,0.26485691
691,9111,1107,0.597488328,0.242940491,0.985130112,0.239327993
692,11081,2514,0.49171568,0.2425938,0.985245902,0.239014547
693,9146,1641,0.51270156,0.254624355,0.980861244,0.249751162
694,9806,2612,0.643582276,0.280994453,0.986376022,0.277166191
695,9794,1358,0.533033686,0.242925496,0.972727273,0.236300256
696,11488,1898,0.522561194,0.262331087,0.981927711,0.257590164
697,8654,1015,0.545990615,0.223628012,0.960352423,0.214761703
698,9366,2558,0.513551694,0.282207791,0.983379501,0.277517357
699,10011,688,0.615879908,0.196200045,0.985185185,0.193293378
700,11057,2056,0.604391582,0.241229063,0.975806452,0.235392876
701,10275,3059,0.606987339,0.281376876,0.987224158,0.277782049
702,10624,1503,0.505871029,0.243366909,0.980874317,0.238712351
703,9979,2319,0.544558196,0.291479685,0.982248521,0.286305489
704,11457,1109,0.499796058,0.22799578,0.980237154,0.223489935
705,11316,2574,0.463807844,0.275367645,0.978843441,0.269541813
706,8712,2546,0.592699636,0.303148716,0.980569948,0.297258521
707,9744,853,0.516254854,0.230791181,0.989847716,0.228448123
708,9937,1587,0.496610194,0.263226566,0.983253589,0.258818465
709,10432,1120,0.633865219,0.23288463,0.969348659,0.225746404
710,11479,1747,0.51989884,0.254714786,0.984269663,0.250708037
711,10864,1123,0.565456254,0.212673549,0.991631799,0.210893854
712,10386,631,0.524637761,0.20253571,0.984375,0.199371089
713,10288,2259,0.649032261,0.285501883,0.982945736,0.280632858
714,8673,1574,0.45584154,0.269224834,0.985849057,0.265415048
715,9918,2746,0.554973804,0.279305725,0.981747066,0.274207576
716,11359,608,0.535832859,0.194074781,0.974576271,0.189140677
717,8805,1244,0.534902182,0.229027681,0.978947368,0.224206045
718,10188,2903,0.616884842,0.281407324,0.977968176,0.275207407
719,9506,2823,0.550449565,0.284713586,0.987562189,0.281172373
720,8256,1975,0.598130284,0.278937779,0.980036298,0.273369148
721,8030,1701,0.55014005,0.299769425,0.984313725,0.295067159
722,9525,610,0.45200426,0.221019841,0.977777778,0.216108289
723,9615,716,0.553290654,0.227653512,0.975460123,0.222066923
724,8567,1715,0.603522653,0.271100189,0.980645161,0.265853088
725,11224,2120,0.468243691,0.269292472,0.978984238,0.263633086
726,10605,1377,0.497868351,0.207630046,0.98951049,0.205452109
727,11178,2312,0.477132214,0.287610308,0.978947368,0.281555354
728,11289,2912,0.525179145,0.292189292,0.970622797,0.283605587
729,11119,3245,0.528048007,0.309981325,0.984095427,0.305051204
730,8045,1753,0.556264347,0.268674468,0.976645435,0.262399693
731,9030,1678,0.484075834,0.268027577,0.984444444,0.26385826
732,8413,2109,0.559076079,0.303374911,0.9765625,0.296264562
733,12420,2995,0.47005017,0.285780543,0.98364486,0.281106562
734,8317,1359,0.469744356,0.24418831,0.990963855,0.24198179
735,10277,1603,0.573931229,0.253213543,0.975369458,0.246976756
736,10539,3079,0.537360627,0.290918061,0.974330357,0.283450299
737,10042,1019,0.554601887,0.235327367,0.983333333,0.231405244
738,8292,684,0.507285393,0.218998301,0.973333333,0.213158346
739,11637,1167,0.610608987,0.199620301,0.991416309,0.197906822
740,9633,1190,0.608558207,0.260383449,0.977419355,0.254503822
741,12154,1676,0.644731811,0.239790359,0.980099502,0.235018411
742,12355,1352,0.548992646,0.210671587,0.968421053,0.2040188
743,9158,2260,0.455045223,0.276541353,0.984,0.272116691
744,12135,1530,0.517387216,0.23262205,0.974719101,0.226741155
745,9389,646,0.53387013,0.193433031,0.936,0.181053317
746,8331,1220,0.527182433,0.223645056,0.981684982,0.219548993
747,11950,1777,0.492979063,0.259309186,0.986984816,0.255934229
748,9447,2052,0.646681513,0.265044928,0.985294118,0.261147209
749,11017,1763,0.640492385,0.251828323,0.975225225,0.245589333
750,8687,504,0.561258231,0.222021541,0.982142857,0.21805687
751,11678,1433,0.572896184,0.22817227,0.990825688,0.226078947
752,8514,2135,0.573266135,0.27538438,0.981292517,0.270232631
753,10117,2001,0.458534151,0.271842989,0.974264706,0.26484703
754,8054,1090,0.606115317,0.24580022,0.97761194,0.24029723
755,8003,1511,0.517506723,0.256116041,0.989664083,0.253468847
756,11816,828,0.524780333,0.227013386,0.978723404,0.222183314
757,9120,2567,0.607000894,0.301894287,0.970322581,0.292934843
758,11812,2734,0.518813345,0.267315146,0.980848153,0.262195568
759,8568,2539,0.607701211,0.287870313,0.98495212,0.283538475
760,9148,566,0.570832778,0.199410766,0.973451327,0.194116675
761,9249,925,0.628111809,0.246381217,0.964912281,0.237736262
762,12422,898,0.492583383,0.197998033,0.983146067,0.194660988
763,10118,1712,0.475609378,0.234767191,0.972636816,0.228343213
764,9285,545,0.468025561,0.214318609,0.974358974,0.20882326
765,11196,2091,0.615067192,0.27487651,0.977391304,0.268661911
766,9691,1749,0.532951757,0.239556313,0.980906921,0.234982445
767,10351,2574,0.589088398,0.270377557,0.979885057,0.264938928
768,10214,2629,0.611732438,0.27193601,0.987412587,0.268513039
769,9093,1174,0.564518706,0.270742335,0.981132075,0.265633989
770,9239,1202,0.579177506,0.24275567,0.97260274,0.23610483
771,11287,771,0.519968004,0.191872973,0.972972973,0.186687217
772,10877,894,0.554239551,0.213436057,0.984293194,0.210083658
773,8074,1811,0.567057921,0.292642911,0.977358491,0.286017034
774,10981,3190,0.620159379,0.284902487,0.98679868,0.281141399
775,11118,1412,0.542397539,0.248578018,0.974358974,0.242204222
776,10085,664,0.460327802,0.231719069,0.980519481,0.227205061
777,10074,2204,0.588379973,0.272605154,0.983361065,0.268069295
778,8212,1515,0.509295804,0.26848743,0.987714988,0.265189059
779,10485,2648,0.47873165,0.296438546,0.98089172,0.290774115
780,11528,2641,0.497338668,0.273726567,0.98340249,0.269183387
781,12279,2028,0.60681714,0.256893148,0.980806142,0.251962377
782,9185,552,0.594752642,0.208114219,0.991304348,0.20630453
783,8054,1797,0.620240102,0.260391051,0.97008547,0.252601575
784,12353,3658,0.620655224,0.302570558,0.985546522,0.298197361
785,8225,1691,0.62405299,0.266069848,0.975555556,0.259565919
786,12446,1856,0.519300934,0.252583416,0.978678038,0.247197842
787,12286,2768,0.622259454,0.266950323,0.98240866,0.262254309
788,8417,560,0.547740932,0.198041078,0.972972973,0.192688617
789,10672,867,0.620854762,0.217754921,0.984126984,0.214298493
790,9051,946,0.595482213,0.213511842,0.96039604,0.205055927
791,9480,1204,0.530565058,0.243241241,0.989761092,0.240750716
792,8421,2205,0.570433606,0.293370844,0.981452859,0.287929654
793,11747,1439,0.540284799,0.220263246,0.974763407,0.214704553
794,11215,1520,0.573751458,0.246662968,0.973333333,0.240085289
795,9408,670,0.482353373,0.180392856,0.991735537,0.178902006
796,8339,1317,0.453813842,0.243624916,0.99376947,0.242107004
797,11166,833,0.575216266,0.220813068,0.97826087,0.216012784
798,8844,1206,0.579208094,0.23878031,0.96875,0.231318425
799,11810,1233,0.597377223,0.24961705,0.964285714,0.240702155
800,9016,1707,0.55797371,0.250133098,0.978922717,0.244860972
801,12492,3489,0.600653215,0.291990213,0.982335623,0.286832388
802,9653,1535,0.627839007,0.266427399,0.973105134,0.25926187
803,8065,1570,0.628369749,0.264309797,0.980722892,0.259214669
804,11263,1308,0.540740004,0.229320259,0.983333333,0.225498255
805,9826,2540,0.646157225,0.259431612,0.984825493,0.255494865
806,11187,561,0.503269741,0.181776964,0.921568627,0.167519948
807,10729,964,0.520071471,0.229030002,0.968325792,0.221775658
808,10326,1564,0.472290732,0.253731168,0.98488665,0.24989644
809,10407,1296,0.629433924,0.219806225,0.971929825,0.213636226
810,11382,3071,0.576390684,0.266998346,0.986585366,0.263416661
811,8126,1430,0.502832941,0.269896018,0.966321244,0.260806255
812,8651,521,0.540894488,0.236054363,0.983739837,0.232216081
813,12087,2078,0.616990238,0.253017334,0.980988593,0.248207119
814,9216,691,0.506743579,0.208262501,0.972222222,0.202477431
815,8367,1772,0.560377525,0.304153588,0.975881262,0.296817787
816,9472,1583,0.49033252,0.26462596,0.976133652,0.258310305
817,8759,1318,0.553645,0.212401692,0.982142857,0.208608805
818,8658,1776,0.582604187,0.227422423,0.982673267,0.223481936
819,8721,1045,0.620377025,0.233332406,0.983606557,0.229507284
820,11456,1186,0.533836421,0.226697969,0.970260223,0.219956022
821,9116,1129,0.577922809,0.265526716,0.983333333,0.261101271
822,9289,794,0.641613859,0.227701665,0.961325967,0.218895524
823,9072,2233,0.525941702,0.26238057,0.986348123,0.258798583
824,8912,1910,0.619281559,0.267503235,0.978473581,0.261744849
825,9636,1507,0.465436029,0.261362524,0.974619289,0.254728957
826,8231,720,0.582398551,0.201284845,0.979310345,0.197120331
827,12306,2916,0.642800943,0.272224685,0.973551637,0.265024787
828,9143,1811,0.479086014,0.256113221,0.980603448,0.251145507
829,10215,643,0.563214985,0.186534398,0.941666667,0.175653225
830,10375,1737,0.542112663,0.254366353,0.981900452,0.249762437
831,10664,2308,0.581433642,0.275453738,0.98427673,0.271122704
832,11823,3310,0.602710153,0.297231028,0.984756098,0.292700068
833,8542,1574,0.575120886,0.24768534,0.979487179,0.242604615
834,10031,2929,0.64707417,0.272045627,0.986198243,0.268290919
835,8494,967,0.46938007,0.228376967,0.972850679,0.222176688
836,11373,2668,0.62101723,0.264965231,0.974540311,0.258219299
837,10216,2381,0.562584381,0.301069891,0.983263598,0.296031065
838,12200,2189,0.63835053,0.245227673,0.975791434,0.239291063
839,9142,1685,0.593577847,0.272943403,0.984782609,0.268789916
840,11476,639,0.544088564,0.192374157,0.93495935,0.179862016
841,12081,2599,0.609782436,0.269310818,0.972857143,0.262000953
842,11476,2644,0.461923095,0.280577762,0.991913747,0.27830894
843,9845,2528,0.496385578,0.274118486,0.987012987,0.270558506
844,9737,778,0.529081458,0.215884412,0.970238095,0.20945928
845,11682,638,0.559820629,0.205089782,0.969465649,0.198827498
846,10242,1521,0.556530876,0.251784772,0.973890339,0.245210757
847,9443,1907,0.595238728,0.276807986,0.988636364,0.273662441
848,10117,1158,0.480378196,0.255466907,0.97972973,0.250288523
849,9429,589,0.599627774,0.21047206,0.975806452,0.205379994
850,8298,1411,0.624485115,0.252247718,0.983146067,0.247996352
851,9721,1014,0.501902864,0.22176073,0.982222222,0.217818317
852,9581,940,0.611547482,0.199822653,0.989361702,0.197696881
853,10726,691,0.466110546,0.177886587,0.975609756,0.17354789
854,8233,451,0.451425556,0.210281719,0.968421053,0.203641243
855,9751,507,0.488081655,0.177488595,0.955555556,0.169600213
856,12352,1740,0.50392407,0.230904715,0.985074627,0.227458376
857,10610,1997,0.561666034,0.246312608,0.973577236,0.239804348
858,12069,909,0.580828676,0.230907938,0.976190476,0.22541013
859,11660,2371,0.608773417,0.245007898,0.979345955,0.239947494
860,8487,1432,0.613228179,0.274305185,0.972010178,0.266627431
861,10214,529,0.583196005,0.175538918,0.989247312,0.173651402
862,12317,3614,0.540378588,0.291626887,0.978178368,0.285263113
863,8435,2162,0.501364218,0.312102549,0.982222222,0.30655406
864,10729,2596,0.457755913,0.278876217,0.977900552,0.272713207
865,10902,984,0.477215735,0.194064489,0.979057592,0.190000311
866,9593,1620,0.503003163,0.26040371,0.978672986,0.254850077
867,9054,1627,0.562512895,0.25377512,0.987893462,0.250702782
868,11934,2147,0.576338135,0.248637168,0.97752809,0.243049816
869,11745,3286,0.476220594,0.286349494,0.981934113,0.281176337
870,10739,1907,0.588195576,0.263662752,0.972166998,0.256324226
871,10376,2230,0.565937176,0.278398467,0.987117552,0.274812013
872,11844,1334,0.575952423,0.241965524,0.972136223,0.235223451
873,11363,2041,0.501796729,0.251752007,0.986381323,0.248323478
874,12435,2523,0.593105474,0.280535431,0.975988701,0.273799411
875,11993,3015,0.592032226,0.26998226,0.975429975,0.263348789
876,12200,671,0.645876385,0.241326682,0.962962963,0.232388657
877,12177,1942,0.633677799,0.237817477,0.978354978,0.232669913
878,10604,807,0.580666104,0.235343386,0.963157895,0.22667284
879,11989,3483,0.507017719,0.290257039,0.984174085,0.285663455
880,10158,2621,0.643154541,0.281566376,0.972899729,0.273935851
881,12158,2944,0.473373148,0.286624959,0.990521327,0.283908135
882,8871,798,0.45770351,0.219174047,0.994285714,0.217921624
883,8086,1254,0.58344547,0.263088595,0.990909091,0.26069688
884,9972,687,0.454506743,0.218050508,0.966666667,0.210782157
885,12334,2762,0.60145131,0.289920168,0.982521848,0.284852899
886,11364,1012,0.608827721,0.211352399,0.962616822,0.203451375
887,11228,1494,0.587632029,0.210765439,0.99047619,0.208758149
888,9492,1004,0.633560885,0.209063765,0.980952381,0.205081598
889,11324,2559,0.592903244,0.285622256,0.983584131,0.280933519
890,9340,1748,0.460142007,0.266559054,0.980686695,0.261410918
891,12133,907,0.591655365,0.205990902,0.962566845,0.198280012
892,11053,2922,0.627357566,0.29020115,0.975235849,0.283014565
893,8383,2039,0.519777434,0.281877141,0.970434783,0.273543382
894,9072,1367,0.518338796,0.243548597,0.987987988,0.240623088
895,12302,634,0.593472005,0.168536568,0.962616822,0.162236135
896,9274,1403,0.464880564,0.255790039,0.963788301,0.246527447
897,8884,1298,0.528766546,0.265600547,0.971014493,0.257901981
898,8907,1832,0.626318895,0.269629092,0.989878543,0.266900053
899,9365,1002,0.643994387,0.234485307,0.965957447,0.226502829
900,9778,2332,0.616413462,0.285142182,0.987969925,0.2817119
901,12151,2786,0.516072197,0.258055175,0.987482615,0.254824999
902,11741,722,0.53600329,0.199442878,0.972222222,0.193902798
903,11968,2657,0.583796326,0.272811522,0.991724138,0.270553772
904,10543,2822,0.556414339,0.282352207,0.974905897,0.275266832
905,10680,1706,0.51524176,0.210970021,0.983333333,0.207453854
906,9222,547,0.631691485,0.217510666,0.932773109,0.2028881
907,8453,1831,0.610408957,0.267589282,0.983673469,0.263220477
908,10075,2614,0.51185369,0.275039554,0.988873435,0.271979309
909,10700,666,0.620239191,0.172528263,0.991304348,0.171028017
910,10563,827,0.48465827,0.215149761,0.960674157,0.206688815
911,8811,990,0.597617342,0.21195722,0.980952381,0.20791994
912,9794,2019,0.526815748,0.271314749,0.981751825,0.26636375
913,8909,1893,0.591283315,0.266239284,0.978174603,0.260428506
914,9522,739,0.471641675,0.183879316,0.970588235,0.178471101
915,11818,1870,0.607972851,0.25338612,0.966244726,0.244833002
916,8130,1441,0.596199067,0.285072485,0.97080292,0.276749201
917,11927,2668,0.632696845,0.261617768,0.985673352,0.257869662
918,9711,1271,0.627459027,0.226543221,0.972222222,0.220250354
919,9371,578,0.476685723,0.167785763,0.979381443,0.164326263
920,12171,3303,0.564978464,0.275438241,0.986813187,0.271806088
921,12215,3512,0.505786306,0.290703694,0.987267385,0.287002275
922,10795,752,0.575157993,0.235255319,0.983050847,0.231267941
923,9615,2043,0.62646208,0.263328327,0.983271375,0.258923206
924,8092,1565,0.564739571,0.272792604,0.976580796,0.266404018
925,9569,1357,0.625203801,0.236493361,0.987538941,0.233546403
926,11711,2746,0.645706269,0.269398117,0.97972973,0.263937344
927,12223,994,0.532395157,0.193034489,0.958333333,0.184991385
928,11577,1854,0.561088684,0.25177706,0.970021413,0.24422914
929,12383,3318,0.638814427,0.26760735,0.983108108,0.263086956
930,8483,1150,0.475112574,0.254745882,0.979522184,0.249529243
931,12349,986,0.521033926,0.221083288,0.990825688,0.219055001
932,10206,2780,0.632482397,0.305017369,0.97995283,0.298902634
933,9309,2782,0.530923661,0.288179674,0.97755611,0.281711801
934,9439,1398,0.524720789,0.258834284,0.977900552,0.253114189
935,8721,1527,0.610970434,0.230406578,0.980113636,0.225824629
936,8455,2202,0.642005409,0.273264577,0.976744186,0.266909587
937,12019,2038,0.633836454,0.242313098,0.983805668,0.238388999
938,11670,1731,0.486327413,0.235681003,0.980392157,0.231059806
939,9393,1290,0.539402472,0.249590711,0.97515528,0.2433897
940,12043,2281,0.649767575,0.257280203,0.984667802,0.253335532
941,8009,1861,0.454873908,0.282563838,0.986692015,0.278803483
942,8449,522,0.625018019,0.225680507,0.966101695,0.21803032
943,11088,1595,0.572557888,0.221903378,0.963276836,0.213754384
944,10935,1858,0.522061245,0.251276082,0.985010707,0.247509632
945,11189,1751,0.600839617,0.249513869,0.979405034,0.24437514
946,11543,1744,0.612094532,0.239592414,0.988038278,0.236726476
947,12085,1007,0.463503601,0.221417213,0.964125561,0.213473995
948,10099,882,0.460545296,0.233444017,0.951456311,0.222111783
949,11083,1580,0.63506328,0.244218613,0.966321244,0.235993634
950,9513,2506,0.501342257,0.28086021,0.985795455,0.276870719
951,12357,1728,0.548585638,0.25400863,0.970387244,0.246486734
952,11043,698,0.518993477,0.193320489,0.948148148,0.183296464
953,10773,2761,0.632618317,0.281774038,0.984575835,0.277427909
954,9153,2015,0.451078907,0.258945138,0.980842912,0.253984503
955,11153,686,0.605292024,0.208185055,0.958041958,0.199450017
956,10861,1585,0.466843029,0.220060481,0.982808023,0.216277207
957,9567,2794,0.549155729,0.286685133,0.980024969,0.280958589
958,11758,2718,0.598570091,0.269655076,0.974079127,0.262665381
959,8731,1324,0.578007318,0.273213048,0.972375691,0.265665726
960,12203,3482,0.566319871,0.284838255,0.986895161,0.281105496
961,12248,2461,0.576007956,0.268566475,0.971255673,0.260846712
962,11269,2800,0.623613554,0.281407898,0.991116751,0.278908081
963,10522,615,0.462624941,0.20324089,0.984,0.199989036
964,12361,3353,0.555140068,0.29581252,0.98891129,0.292532341
965,11030,2557,0.636664552,0.291692627,0.981233244,0.286218503
966,11132,820,0.541310881,0.20109851,0.96969697,0.195004615
967,9863,2318,0.609996397,0.293304348,0.982352941,0.288128389
968,12271,3204,0.459239081,0.267762129,0.982517483,0.263080973
969,9774,1160,0.564103494,0.22574131,0.988549618,0.223156485
970,8260,1143,0.473740513,0.242298192,0.971119134,0.23530041
971,10368,658,0.612339932,0.230798835,0.967105263,0.223206768
972,10232,521,0.532648525,0.145798474,0.960526316,0.140043271
973,8352,834,0.530172982,0.218059664,0.978021978,0.213267144
974,11640,1604,0.58156263,0.269928731,0.974595843,0.263071419
975,10673,1553,0.590168948,0.256760307,0.964912281,0.247751174
976,12272,2013,0.507096517,0.234864263,0.970401691,0.227912678
977,9524,837,0.607100231,0.198130074,0.969879518,0.1921623
978,11135,1467,0.633838885,0.265028469,0.976863753,0.258896705
979,8278,1961,0.472125319,0.279837343,0.981785064,0.274740124
980,9609,2045,0.5782546,0.273317166,0.98568873,0.26940565
981,11949,2919,0.480794858,0.270226939,0.98225602,0.265432038
982,11220,848,0.484419161,0.22381689,0.957894737,0.214393021
983,10656,857,0.465881811,0.184170969,0.974683544,0.179508412
984,11832,1080,0.4668313,0.2174087,0.982978723,0.213708126
985,11398,1458,0.58870886,0.232420642,0.97640118,0.226935789
986,10914,1099,0.607853671,0.232817528,0.97265625,0.226451424
987,11067,2790,0.472821556,0.272742956,0.981603154,0.267725346
988,10489,2676,0.584824862,0.28097278,0.990691489,0.278357342
989,11664,804,0.509083994,0.222446756,0.972067039,0.216233159
990,10628,605,0.461392147,0.160278404,0.989690722,0.158626049
991,10903,568,0.529197543,0.196992121,0.955357143,0.18819783
992,11206,1631,0.578135656,0.232874556,0.971052632,0.226133451
993,8352,683,0.51250944,0.231226428,0.955696203,0.22098222
994,11506,2711,0.528768348,0.258852869,0.985754986,0.255165506
995,11119,2618,0.591120319,0.266943108,0.987124464,0.263506072
996,9615,700,0.643367507,0.23421253,0.957317073,0.224215654
997,9507,2312,0.583185099,0.284928894,0.980273141,0.279308142
998,11263,2637,0.554792506,0.272584785,0.983310153,0.268035387
999,11083,2171,0.629469226,0.244555053,0.983050847,0.240410052
1000,8831,826,0.614786563,0.232256499,0.984375,0.228627491